trade_date,000001.SH_close,000300.SH_close,000905.SH_close,399006.SZ_close,HIS.HI_close,SPX.GI_close,CBA00301.CS_close,rewards
2016-11-30,3250.034,3538.0009999999997,6585.576999999999,6902.102,22789.77,2198.81,172.2358,10000.0
2016-12-01,3273.309,3565.0359999999996,6624.465,6931.149,22878.23,2191.08,171.6478,9911.863517392454
2016-12-02,3243.843,3528.955,6520.974,6858.433000000001,22564.82,2191.95,171.4832,9878.721023312919
2016-12-05,3204.7090000000003,3469.407,6486.017,6832.557,22505.55,2204.71,171.3491,9836.136335306312
2016-12-06,3199.647,3459.153,6490.889,6855.3640000000005,22675.15,2212.23,170.5386,9815.061077152266
2016-12-07,3222.241,3475.7470000000003,6558.024,6890.184,22800.92,2241.35,170.6599,9840.360182849683
2016-12-08,3215.365,3470.143,6527.433000000001,6877.193,22861.84,2246.19,170.7877,9835.724353489153
2016-12-09,3232.883,3493.7,6513.915,6831.713000000001,22760.98,2259.53,170.7559,9852.892492753828
2016-12-12,3152.97,3409.179,6249.078,6526.363,22433.02,2256.96,170.2002,9760.924118881818
2016-12-13,3155.0370000000003,3405.035,6278.179,6550.1669999999995,22446.7,2271.72,169.7188,9753.08892023728
2016-12-14,3140.53,3378.945,6239.4980000000005,6493.111999999999,22456.62,2253.28,169.3448,9730.872379007362
2016-12-15,3117.677,3340.434,6280.398,6503.86,22059.4,2262.03,167.7338,9676.297678157354
2016-12-16,3122.9809999999998,3346.031,6318.523,6543.183000000001,22020.75,2258.07,167.9084,9684.868980719672
2016-12-19,3118.0840000000003,3328.9829999999997,6320.732,6514.097,21832.68,2262.52,167.3149,9668.395498016916
2016-12-20,3102.875,3309.0640000000003,6300.638000000001,6496.566,21729.06,2270.76,167.1157,9648.748802762275
2016-12-21,3137.429,3338.5359999999996,6347.605,6544.352,21809.8,2265.18,167.6581,9694.86435911713
2016-12-22,3139.558,3335.672,6341.786999999999,6543.937,21636.2,2260.96,168.33900000000003,9710.106197134019
2016-12-23,3110.1540000000005,3307.599,6281.996,6497.709,21574.76,2263.79,168.7035,9686.756344369292
2016-12-26,3122.5690000000004,3322.401,6294.754,6521.263000000001,21574.76,2263.79,168.9667,9704.34138683728
2016-12-27,3114.664,3316.385,6288.859,6510.434,21574.76,2268.88,168.9903,9696.589400922949
2016-12-28,3102.235,3301.889,6270.2390000000005,6492.371,21754.74,2249.92,169.1251,9686.18496859421
2016-12-29,3096.0959999999995,3297.765,6252.607,6470.374,21790.91,2249.26,169.5709,9688.162775466308
2016-12-30,3103.637,3310.0809999999997,6263.625,6472.232,22000.56,2238.83,169.894,9702.073880014861
2016-12-31,3103.637,3310.0809999999997,6263.625,6472.232,22000.56,2238.83,169.9157,9702.48726771549
2017-01-03,3135.92,3342.2270000000003,6320.762,6510.904,22150.4,2257.83,169.7169,9732.341850963296
2017-01-04,3158.7940000000003,3368.312,6394.669,6600.1990000000005,22134.47,2270.75,169.5398,9752.411501321509
2017-01-05,3165.41,3367.789,6399.284000000001,6587.13,22456.69,2269.0,169.3088,9754.637235144806
2017-01-06,3154.321,3347.667,6371.616,6520.044,22503.01,2276.98,169.4058,9745.029983933455
2017-01-09,3171.236,3363.901,6415.4169999999995,6546.609,22558.69,2268.9,169.5865,9765.789701291047
2017-01-10,3161.671,3358.2709999999997,6393.928000000001,6531.102,22744.85,2268.9,169.7691,9759.423438329259
2017-01-11,3136.7529999999997,3334.495,6331.963000000001,6481.305,22935.35,2275.32,169.5685,9729.824124973635
2017-01-12,3119.288,3317.6240000000003,6272.851,6415.366,22829.02,2270.42,169.6499,9713.082996957311
2017-01-13,3112.764,3319.9120000000003,6194.656999999999,6324.508000000001,22937.38,2274.64,169.6973,9707.025163363025
2017-01-16,3103.428,3319.446,6031.241,6146.845,22718.15,2274.64,169.5945,9695.28601110878
2017-01-17,3108.7740000000003,3326.3559999999998,6082.065,6215.165,22840.97,2267.88,169.3032,9695.215014222234
2017-01-18,3113.012,3339.365,6068.593000000001,6206.26,23098.26,2271.89,169.2865,9699.217501045023
2017-01-19,3101.2990000000004,3329.289,6043.675,6186.37,23049.96,2263.69,169.2585,9686.491967852038
2017-01-20,3123.138,3354.889,6121.9980000000005,6265.486999999999,22885.91,2271.32,169.4077,9711.955548077856
2017-01-22,3123.138,3354.889,6121.9980000000005,6265.486999999999,22885.91,2271.32,169.4423,9712.53059732674
2017-01-23,3136.7740000000003,3364.0809999999997,6172.1669999999995,6296.346,22898.52,2265.2,169.4698,9727.188258355705
2017-01-24,3142.553,3364.4509999999996,6165.264,6275.081999999999,22949.86,2280.08,169.2134,9728.19059470238
2017-01-25,3149.554,3375.9040000000005,6179.568,6300.308000000001,23049.12,2298.37,168.7992,9727.397712405327
2017-01-26,3159.1659999999997,3387.961,6223.706,6341.376,23374.17,2296.68,168.7752,9736.715516229518
2017-01-27,3159.1659999999997,3387.961,6223.706,6341.376,23360.78,2294.69,168.7752,9736.660793791592
2017-01-30,3159.1659999999997,3387.961,6223.706,6341.376,23360.78,2280.89,168.7752,9736.660985746224
2017-01-31,3159.1659999999997,3387.961,6223.706,6341.376,23360.78,2278.87,168.7752,9736.6609139108
2017-02-01,3159.1659999999997,3387.961,6223.706,6341.376,23318.39,2279.55,168.7752,9736.66043120067
2017-02-02,3159.1659999999997,3387.961,6223.706,6341.376,23184.52,2280.85,168.7752,9736.660773448108
2017-02-03,3140.17,3364.492,6207.092,6335.561,23129.21,2297.42,168.2501,9707.047488647668
2017-02-04,3140.17,3364.492,6207.092,6335.561,23129.21,2297.42,168.201,9705.954700196562
2017-02-06,3156.9829999999997,3373.205,6259.246999999999,6381.61,23348.24,2292.56,167.7519,9714.629956253872
2017-02-07,3153.087,3365.685,6255.927,6362.213000000001,23331.57,2293.08,167.5222,9706.02455246615
2017-02-08,3166.9809999999998,3383.288,6291.597,6414.754,23485.13,2294.67,167.5865,9721.48107727734
2017-02-09,3183.179,3396.292,6331.177,6445.225,23525.14,2307.87,167.8706,9743.488569738285
2017-02-10,3196.699,3413.487,6337.108,6442.276999999999,23574.98,2316.1,167.8201,9756.27760404635
2017-02-13,3216.8390000000004,3436.275,6369.651999999999,6499.691,23710.98,2328.25,167.8754,9777.758233565752
2017-02-14,3217.928,3435.804,6374.885,6504.9890000000005,23703.01,2337.58,167.9064,9779.370806968796
2017-02-15,3212.985,3421.7129999999997,6311.695,6449.05,23994.87,2349.25,167.8913,9774.070334321474
2017-02-16,3229.618,3440.933,6359.335999999999,6499.045999999999,24107.7,2347.22,168.0497,9793.9613896273
2017-02-17,3202.075,3421.442,6307.161999999999,6465.448,24033.74,2351.16,168.265,9770.248533022685
2017-02-20,3239.961,3471.393,6385.062,6546.246999999999,24146.08,2351.16,168.5811,9814.595711091151
2017-02-21,3253.325,3482.823,6434.438,6596.763000000001,23963.63,2365.38,168.4585,9825.578333663181
2017-02-22,3261.218,3489.757,6474.225,6628.919,24201.96,2362.82,168.5835,9835.862727776148
2017-02-23,3251.375,3473.323,6473.993,6627.87,24114.86,2363.81,168.7199,9828.604294076704
2017-02-24,3253.4320000000002,3473.8520000000003,6476.165,6635.269,23965.7,2367.34,168.7048,9830.27055947916
2017-02-27,3228.66,3446.223,6424.254,6600.164000000001,23925.05,2369.75,168.7908,9806.978392660112
2017-02-28,3241.7329999999997,3452.81,6450.97,6625.603,23740.73,2363.64,168.75,9819.164141051158
2017-03-01,3246.933,3458.438,6467.638000000001,6640.579000000001,23776.49,2395.96,168.6093,9821.610927587408
2017-03-02,3230.028,3435.0959999999995,6434.626,6623.813,23728.07,2381.92,168.5511,9803.381496706836
2017-03-03,3218.3109999999997,3427.863,6452.839,6679.276999999999,23552.72,2383.12,168.554,9791.418293922641
2017-03-06,3233.865,3446.4840000000004,6517.323,6752.406,23596.28,2375.31,168.4592,9805.236225470931
2017-03-07,3242.406,3453.9570000000003,6523.186,6761.629,23681.07,2368.39,168.4446,9813.487177361485
2017-03-08,3240.664,3448.7309999999998,6497.0869999999995,6720.366999999999,23782.27,2362.98,168.2867,9808.616716194261
2017-03-09,3216.745,3426.9440000000004,6439.382,6676.271,23501.56,2364.87,168.1841,9782.466538596706
2017-03-10,3212.76,3427.8920000000003,6447.916,6718.107,23568.67,2372.6,168.1563,9777.655237147756
2017-03-13,3237.0240000000003,3458.098,6507.896,6808.170999999999,23829.67,2373.47,168.2712,9804.459786600979
2017-03-14,3239.327,3456.6929999999998,6493.484,6791.665,23827.95,2365.45,168.3629,9808.463817907732
2017-03-15,3241.759,3463.6440000000002,6486.061,6786.815,23792.85,2385.26,168.4204,9812.034835682936
2017-03-16,3268.935,3481.507,6543.34,6839.935,24288.28,2381.38,168.7105,9845.085793533355
2017-03-17,3237.447,3445.805,6483.246,6759.795999999999,24309.93,2378.25,168.6578,9812.368319564597
2017-03-20,3250.808,3449.613,6498.340999999999,6762.071,24501.99,2373.47,168.6089,9824.604194605521
2017-03-21,3261.61,3466.347,6515.945,6800.831999999999,24593.12,2344.02,168.4614,9832.543170427201
2017-03-22,3245.219,3450.05,6499.7919999999995,6786.076999999999,24320.41,2348.45,168.5154,9817.039174302221
2017-03-23,3248.5490000000004,3461.978,6512.187,6809.965999999999,24327.7,2345.96,168.4937,9819.803888801494
2017-03-24,3269.445,3489.6,6546.615,6861.223000000001,24358.27,2343.98,168.8096,9846.974595052467
2017-03-27,3266.955,3478.039,6516.031999999999,6829.633000000001,24193.7,2341.59,168.975,9847.645765571378
2017-03-28,3252.947,3469.809,6498.69,6811.276999999999,24345.87,2358.57,169.0326,9834.64822668631
2017-03-29,3241.3140000000003,3465.1929999999998,6480.543000000001,6793.749,24392.05,2361.13,169.0063,9822.267717606746
2017-03-30,3210.236,3436.758,6375.743,6676.765,24301.09,2368.06,169.0044,9790.722704950454
2017-03-31,3222.514,3456.045,6401.647,6745.679,24111.59,2362.72,169.0346,9803.471179025191
2017-04-01,3222.514,3456.045,6401.647,6745.679,24111.59,2362.72,169.09900000000002,9804.659485163707
2017-04-03,3222.514,3456.045,6401.647,6745.679,24261.48,2358.84,169.09900000000002,9804.652858847714
2017-04-04,3222.514,3456.045,6401.647,6745.679,24261.48,2360.16,169.09900000000002,9804.652572867644
2017-04-05,3270.305,3503.893,6539.965999999999,6861.793000000001,24400.8,2352.95,169.1065,9853.26642167926
2017-04-06,3281.0040000000004,3514.047,6559.651999999999,6872.634,24273.72,2357.49,169.0843,9863.337028025433
2017-04-07,3286.616,3517.4629999999997,6578.726,6882.713000000001,24267.3,2355.54,169.1563,9870.301442668955
2017-04-10,3269.3920000000003,3505.139,6566.544,6831.5509999999995,24262.18,2357.16,169.173,9853.369670876336
2017-04-11,3288.965,3517.328,6629.166,6856.090999999999,24088.46,2353.78,169.1583,9872.571198793368
2017-04-12,3273.83,3509.4390000000003,6576.476,6807.76,24313.5,2344.93,169.1098,9856.381470234403
2017-04-13,3275.96,3514.566,6615.704000000001,6853.576,24261.66,2328.95,169.1405,9858.967229514437
2017-04-14,3246.066,3486.5040000000004,6528.161999999999,6774.889,24261.66,2328.95,168.9487,9825.246929213386
2017-04-17,3222.167,3479.942,6456.598000000001,6756.198,24261.66,2349.01,168.5834,9793.76962830368
2017-04-18,3196.7129999999997,3462.743,6418.210999999999,6736.963000000001,23924.54,2342.19,168.4394,9764.984579021962
2017-04-19,3170.6859999999997,3445.8759999999997,6350.646,6702.944,23825.88,2338.17,168.4556,9738.549644264522
2017-04-20,3172.1,3461.548,6347.773,6729.154,24056.98,2355.84,168.3308,9737.323059467486
2017-04-21,3173.151,3466.7870000000003,6300.7119999999995,6691.4619999999995,24042.02,2348.69,168.0985,9733.887642097356
2017-04-24,3129.531,3431.259,6138.504,6545.839,24139.48,2374.15,167.83,9684.05144028903
2017-04-25,3134.567,3440.974,6160.460999999999,6594.206999999999,24455.94,2388.61,167.9802,9691.710785874393
2017-04-26,3140.847,3445.183,6176.398,6640.795999999999,24578.43,2387.45,167.9777,9698.134921635268
2017-04-27,3152.1859999999997,3446.72,6192.304,6642.047,24698.48,2388.77,168.0587,9711.331354187076
2017-04-28,3154.658,3439.7529999999997,6211.861999999999,6640.18,24615.13,2384.2,168.0268,9713.211904300331
2017-05-01,3154.658,3439.7529999999997,6211.861999999999,6640.18,24615.13,2388.33,168.0268,9713.192516759002
2017-05-02,3143.712,3426.577,6216.115,6622.173000000001,24696.13,2391.17,167.9138,9699.780137984493
2017-05-03,3135.3459999999995,3413.1279999999997,6197.477,6592.9259999999995,24696.13,2388.13,167.7216,9687.372967398464
2017-05-04,3127.368,3404.386,6176.305,6575.573,24683.88,2389.52,167.4747,9674.33465448044
2017-05-05,3103.0370000000003,3382.55,6089.682,6493.1759999999995,24476.35,2399.29,167.435,9648.415784471237
2017-05-08,3078.612,3358.813,5975.539000000001,6409.54,24577.91,2399.38,167.2022,9618.379023666017
2017-05-09,3080.526,3352.532,6012.001,6448.746999999999,24889.03,2396.92,166.9317,9614.952238444945
2017-05-10,3052.785,3337.7009999999996,5885.840999999999,6399.516,25015.42,2399.63,166.5391,9578.490368840201
2017-05-11,3061.5,3356.6459999999997,5872.639,6407.04,25125.55,2394.44,166.7228,9590.873569857347
2017-05-12,3083.513,3385.3790000000004,5863.783,6403.11,25156.34,2390.9,166.5661,9610.845677100355
2017-05-15,3090.228,3399.1940000000004,5893.507,6460.514,25371.59,2402.32,166.7147,9620.534038363265
2017-05-16,3112.9640000000004,3428.6490000000003,6014.734,6599.34,25335.94,2400.67,166.6769,9643.39577089687
2017-05-17,3104.441,3409.966,6027.65,6567.8769999999995,25293.63,2357.03,166.5314,9631.662057384903
2017-05-18,3090.139,3398.113,5976.299,6515.76,25136.52,2365.72,166.6355,9618.803565688835
2017-05-19,3090.63,3403.849,5974.977,6496.0740000000005,25174.87,2381.73,166.5917,9618.310329912783
2017-05-22,3075.675,3411.239,5888.812,6481.613,25391.34,2394.02,166.4493,9600.045181179323
2017-05-23,3061.947,3424.1940000000004,5764.875,6422.455,25403.15,2398.42,166.485,9586.30546908388
2017-05-24,3064.075,3424.167,5799.249,6460.295,25428.5,2404.39,166.5782,9590.167864135243
2017-05-25,3107.8309999999997,3485.658,5850.8,6485.861,25630.78,2415.07,166.7229,9638.595343252226
2017-05-26,3110.058,3480.435,5836.933000000001,6442.213000000001,25639.27,2415.82,166.7154,9640.550066606347
2017-05-27,3110.058,3480.435,5836.933000000001,6442.213000000001,25639.27,2415.82,166.8049,9642.262204975177
2017-05-29,3110.058,3480.435,5836.933000000001,6442.213000000001,25701.63,2415.82,166.8049,9642.25331244478
2017-05-30,3110.058,3480.435,5836.933000000001,6442.213000000001,25701.63,2412.91,166.8049,9642.253053760614
2017-05-31,3117.177,3492.884,5824.104,6444.751,25660.65,2411.8,167.048,9654.294528820912
2017-06-01,3102.623,3497.738,5709.999,6384.633000000001,25809.22,2430.06,167.0759,9639.806318928344
2017-06-02,3105.54,3486.507,5772.517,6420.93,25924.05,2439.07,167.0861,9642.869607919225
2017-06-05,3091.656,3468.7529999999997,5815.802,6469.517,25862.99,2436.1,167.2358,9631.365917287498
2017-06-06,3102.1259999999997,3492.881,5841.523,6509.93,25997.14,2429.33,167.1993,9641.377538945218
2017-06-07,3140.324,3533.8709999999996,5955.015,6654.126,25974.16,2433.14,167.1645,9680.219856241729
2017-06-08,3150.333,3560.978,5958.977,6654.58,26063.06,2433.79,167.1639,9690.285753237384
2017-06-09,3158.4,3576.17,5969.274,6695.286,26030.29,2431.77,167.2677,9700.51078700572
2017-06-12,3139.8759999999997,3574.389,5902.855,6640.793000000001,25708.04,2429.39,167.731,9690.480590634463
2017-06-13,3153.742,3582.2670000000003,5980.056,6729.571,25852.1,2440.35,167.8933,9707.634300686892
2017-06-14,3130.6740000000004,3535.298,5966.431,6680.054,25875.9,2437.92,168.0699,9687.328644270941
2017-06-15,3132.486,3528.792,6021.165,6724.225,25565.34,2432.46,168.167,9690.80722730373
2017-06-16,3123.1659999999997,3518.761,6012.999,6704.948,25626.49,2433.15,168.0181,9678.335709513161
2017-06-19,3144.373,3553.665,6057.411,6725.079000000001,25924.55,2453.46,168.5112,9709.626637477446
2017-06-20,3140.013,3546.494,6066.904,6743.405,25843.04,2437.03,168.6955,9708.664018517096
2017-06-21,3156.211,3587.955,6078.191999999999,6818.403,25694.58,2435.61,168.54,9722.312817574286
2017-06-22,3147.453,3590.342,5992.335,6753.983,25674.53,2434.5,168.3628,9709.798022723131
2017-06-23,3157.873,3622.883,6010.313,6823.528,25670.05,2438.3,168.4447,9722.014269381145
2017-06-26,3185.4429999999998,3668.091,6111.64,6930.8,25871.89,2439.07,168.7057,9755.290323025807
2017-06-27,3191.196,3674.715,6113.165,6924.584,25839.99,2419.38,168.9161,9765.126492064803
2017-06-28,3173.2009999999996,3646.1659999999997,6086.210999999999,6873.754,25683.5,2440.69,168.9197,9746.841049144543
2017-06-29,3188.062,3668.827,6116.993,6939.661999999999,25965.42,2419.7,168.9142,9761.765040212624
2017-06-30,3192.426,3666.797,6138.155,6946.4259999999995,25764.58,2423.41,168.8184,9764.296098468061
2017-07-03,3195.9109999999996,3650.8459999999995,6177.395,6936.5740000000005,25784.17,2429.01,168.7492,9766.473749420207
2017-07-04,3182.803,3619.9840000000004,6146.852,6896.351,25389.01,2429.01,168.7046,9752.229196202728
2017-07-05,3207.134,3659.679,6193.964,6968.9169999999995,25521.97,2432.54,168.8533,9779.814255329817
2017-07-06,3212.4440000000004,3660.0959999999995,6201.653,6966.8240000000005,25465.22,2409.75,169.0078,9788.097703296115
2017-07-07,3217.9559999999997,3655.929,6226.01,6971.456999999999,25340.85,2425.18,168.9987,9793.52009199091
2017-07-10,3212.631,3653.6859999999997,6206.556,6932.045,25500.06,2427.43,169.0049,9788.20716776107
2017-07-11,3203.0370000000003,3670.808,6128.994000000001,6887.392,25877.64,2425.53,169.0349,9778.98752822553
2017-07-12,3197.5429999999997,3658.823,6132.991999999999,6892.513000000001,26043.64,2443.25,169.1074,9774.693839571793
2017-07-13,3218.163,3686.92,6149.933000000001,6905.936,26346.17,2447.83,169.2174,9797.760728940046
2017-07-14,3222.4159999999997,3703.094,6128.7390000000005,6916.644,26389.23,2459.27,169.2529,9802.677579604304
2017-07-17,3176.4640000000004,3663.5570000000002,5876.459,6721.522,26470.58,2459.14,169.3277,9757.510783719812
2017-07-18,3187.567,3667.18,5938.434,6723.308000000001,26524.94,2460.61,169.1657,9765.289443737189
2017-07-19,3230.9759999999997,3729.7459999999996,6059.358,6881.1359999999995,26672.16,2473.83,169.2419,9810.994971558966
2017-07-20,3244.864,3747.884,6099.283,6935.009,26740.21,2473.45,169.3001,9825.967678144052
2017-07-21,3237.9809999999998,3728.597,6126.108,6956.813,26706.09,2472.54,169.2502,9817.994454998647
2017-07-24,3250.598,3743.468,6167.128000000001,6963.347,26846.83,2469.91,169.2231,9830.156814948312
2017-07-25,3243.6890000000003,3719.559,6153.598000000001,6920.4490000000005,26852.05,2477.08,169.1572,9821.845859370798
2017-07-26,3247.6740000000004,3705.388,6146.701999999999,6882.670999999999,26941.02,2477.83,169.0021,9822.80188860507
2017-07-27,3249.781,3712.1940000000004,6184.02,6957.398,27131.17,2475.42,169.0556,9825.911814896883
2017-07-28,3253.24,3721.8909999999996,6215.463000000001,6995.557,26979.39,2472.1,169.06,9829.483166045537
2017-07-31,3273.028,3737.873,6298.0,7054.9580000000005,27323.99,2470.3,168.9906,9848.05098790301
2017-08-01,3292.638,3770.382,6286.536,7070.696999999999,27540.23,2476.35,168.8946,9865.739822828074
2017-08-02,3285.0559999999996,3760.8520000000003,6251.861999999999,7053.897,27607.38,2477.57,168.9378,9858.890219750656
2017-08-03,3272.928,3727.8259999999996,6261.967,6989.861999999999,27531.01,2472.16,168.9507,9846.927961396757
2017-08-04,3262.08,3707.579,6225.115,6913.446999999999,27562.68,2476.83,168.9858,9836.606987782405
2017-08-07,3279.4559999999997,3726.7940000000003,6303.42,6960.840999999999,27690.36,2480.91,168.7754,9849.876881050666
2017-08-08,3281.8720000000003,3732.212,6303.715999999999,6975.6140000000005,27854.91,2474.92,168.7383,9851.444438276503
2017-08-09,3275.573,3731.0440000000003,6340.022,7000.95,27757.09,2474.02,168.7344,9845.046435086704
2017-08-10,3261.7490000000003,3715.92,6289.217,6994.764,27444.0,2438.21,168.8203,9832.804077139706
2017-08-11,3208.5409999999997,3647.35,6161.19,6892.316999999999,26883.51,2441.32,169.0299,9783.259037524514
2017-08-14,3237.36,3694.683,6292.641,7079.920999999999,27250.23,2465.66,169.1549,9814.399331149714
2017-08-15,3251.261,3706.0559999999996,6314.76,7129.648,27174.96,2464.61,169.2201,9829.583901348433
2017-08-16,3246.4509999999996,3701.42,6318.798000000001,7174.267,27409.07,2468.11,169.1358,9823.046501944797
2017-08-17,3268.429,3721.277,6366.034000000001,7197.905,27344.22,2430.01,169.0654,9843.81021176969
2017-08-18,3268.724,3724.6740000000004,6347.755,7163.475,27047.57,2425.55,168.9478,9841.698123140894
2017-08-21,3286.905,3740.994,6403.78,7213.465999999999,27154.68,2428.37,168.8617,9858.24904031735
2017-08-22,3290.225,3752.298,6375.981,7197.295999999999,27401.67,2452.51,168.7749,9859.770386694569
2017-08-23,3287.704,3756.0879999999997,6322.781,7179.604,27401.67,2444.04,168.7879,9857.470912566308
2017-08-24,3271.511,3734.645,6278.59,7125.781,27518.6,2438.97,168.6712,9838.988859618172
2017-08-25,3331.522,3795.7540000000004,6346.53,7196.6269999999995,27848.16,2443.05,168.6093,9897.792350671454
2017-08-28,3362.651,3842.711,6424.584,7299.12,27863.29,2444.24,168.4782,9925.738111628338
2017-08-29,3365.2259999999997,3834.5370000000003,6408.156,7274.9890000000005,27765.01,2446.3,168.5367,9929.239310754052
2017-08-30,3363.6259999999997,3834.3,6453.463000000001,7305.3330000000005,28094.61,2457.59,168.5355,9927.640977674597
2017-08-31,3360.81,3822.092,6470.425,7326.76,27970.3,2471.65,168.59599999999998,9926.043153432085
2017-09-01,3367.119,3830.538,6526.504,7383.456999999999,27953.16,2476.55,168.6005,9932.308864086817
2017-09-04,3379.583,3845.616,6564.68,7438.854,27740.26,2476.55,168.5854,9944.23774302898
2017-09-05,3384.317,3857.046,6571.859,7481.019,27741.35,2457.85,168.4952,9947.043167017822
2017-09-06,3385.388,3849.449,6607.116999999999,7486.266,27613.76,2465.54,168.5458,9949.04667328012
2017-09-07,3365.4970000000003,3829.8709999999996,6558.596,7441.96,27522.92,2465.1,168.7896,9934.358265555893
2017-09-08,3365.242,3825.989,6574.182,7448.771,27668.47,2461.43,168.9545,9937.121237923851
2017-09-11,3376.4179999999997,3825.645,6649.6269999999995,7537.528,27955.13,2488.11,168.9566,9948.144404376317
2017-09-12,3379.488,3837.934,6644.0109999999995,7547.991999999999,27972.24,2496.48,168.9556,9951.084796783824
2017-09-13,3384.147,3842.6059999999998,6684.379,7566.771,27894.08,2498.37,168.8976,9954.503549687277
2017-09-14,3371.425,3829.955,6672.184,7517.130999999999,27777.2,2495.62,169.0622,9945.228480223162
2017-09-15,3353.619,3831.296,6622.043000000001,7488.369000000001,27807.59,2500.23,169.0464,9927.267882502698
2017-09-18,3362.8579999999997,3843.1420000000003,6669.454000000001,7567.673000000001,28159.77,2503.87,169.0002,9935.304673922717
2017-09-19,3356.844,3832.116,6636.02,7503.863,28051.41,2506.65,169.0297,9929.904824022175
2017-09-20,3365.995,3842.435,6692.472,7597.0,28127.8,2508.24,169.0186,9938.647806533912
2017-09-21,3357.812,3837.817,6612.045,7571.2919999999995,28110.33,2500.6,168.9595,9929.387942768646
2017-09-22,3352.5290000000005,3837.73,6572.009,7525.397,27880.53,2502.22,169.0818,9926.500846141804
2017-09-25,3341.548,3817.7909999999997,6489.844,7452.47,27500.34,2496.66,169.2941,9919.752967683722
2017-09-26,3343.5820000000003,3820.781,6520.717,7451.771,27513.01,2496.84,169.2758,9921.277991602852
2017-09-27,3345.2709999999997,3821.2,6583.14,7522.0830000000005,27642.43,2507.04,169.21900000000002,9921.825592340227
2017-09-28,3339.6420000000003,3822.538,6567.791,7523.371999999999,27421.6,2510.06,169.3042,9917.90608721665
2017-09-29,3348.9429999999998,3836.5009999999997,6603.258000000001,7561.776,27554.3,2519.36,169.3528,9927.997916452234
2017-09-30,3348.9429999999998,3836.5009999999997,6603.258000000001,7561.776,27554.3,2519.36,169.3707,9928.310493536328
2017-10-02,3348.9429999999998,3836.5009999999997,6603.258000000001,7561.776,27554.3,2529.12,169.3707,9928.308758537934
2017-10-03,3348.9429999999998,3836.5009999999997,6603.258000000001,7561.776,28173.21,2534.58,169.3707,9928.308263067524
2017-10-04,3348.9429999999998,3836.5009999999997,6603.258000000001,7561.776,28379.18,2537.74,169.3707,9928.307824967664
2017-10-05,3348.9429999999998,3836.5009999999997,6603.258000000001,7561.776,28379.18,2552.07,169.3707,9928.30773284893
2017-10-06,3348.9429999999998,3836.5009999999997,6603.258000000001,7561.776,28458.04,2549.33,169.3707,9928.307774541829
2017-10-09,3374.3779999999997,3882.2070000000003,6678.371,7652.522,28326.59,2544.73,169.3656,9953.34343422032
2017-10-10,3382.987,3889.863,6705.481,7694.896,28490.83,2550.64,169.3561,9961.494497387055
2017-10-11,3388.283,3902.6859999999997,6666.469,7728.69,28389.57,2555.24,169.36599999999999,9966.842467687042
2017-10-12,3386.1,3912.953,6659.095,7708.986,28459.03,2550.93,169.2312,9962.033952039854
2017-10-13,3390.5229999999997,3921.0009999999997,6709.816,7784.125,28476.43,2553.17,169.267,9967.050626492459
2017-10-16,3378.47,3913.446,6619.205,7739.66,28692.8,2557.64,169.0368,9950.707412619007
2017-10-17,3372.04,3913.0679999999998,6612.941999999999,7726.536,28697.49,2559.36,168.8731,9941.085414206947
2017-10-18,3381.7929999999997,3944.1620000000003,6563.436,7756.071999999999,28711.76,2561.26,168.9157,9951.457492830463
2017-10-19,3370.172,3931.2490000000003,6501.399,7716.251,28159.09,2562.1,169.0556,9942.766020556614
2017-10-20,3378.6479999999997,3926.8520000000003,6571.424,7752.529,28487.24,2575.21,169.0865,9951.578050442393
2017-10-23,3380.699,3930.798,6612.763000000001,7797.579000000001,28305.88,2564.98,169.1111,9954.038494661385
2017-10-24,3388.2470000000003,3959.395,6603.004,7815.379,28154.97,2569.13,169.1153,9961.523118657173
2017-10-25,3396.897,3976.949,6647.892,7853.785,28302.89,2557.15,168.8832,9965.406585918148
2017-10-26,3407.567,3993.575,6671.928000000001,7856.874,28202.38,2560.4,168.8688,9975.468494976303
2017-10-27,3416.812,4021.967,6630.806,7820.656,28438.85,2581.07,168.6825,9980.766001942437
2017-10-30,3390.337,4009.7209999999995,6511.7609999999995,7746.609,28336.19,2572.83,168.1046,9943.507499882966
2017-10-31,3393.341,4006.717,6560.205,7827.093000000001,28245.54,2575.26,168.1671,9947.473685327659
2017-11-01,3395.9120000000003,3996.6220000000003,6552.954000000001,7812.034000000001,28594.06,2579.36,168.4067,9954.707719976643
2017-11-02,3383.309,3997.134,6484.925,7794.375,28518.64,2579.85,168.3579,9941.431141720297
2017-11-03,3371.744,3992.697,6426.979,7756.578,28603.61,2587.84,168.3293,9929.42087957267
2017-11-06,3388.1740000000004,4020.889,6511.095,7848.909000000001,28596.8,2591.13,168.3793,9946.421052849777
2017-11-07,3413.574,4054.2459999999996,6551.936,7925.861,28994.34,2590.64,168.245,9968.560242658928
2017-11-08,3415.46,4048.005,6561.689,7902.17,28907.6,2594.38,168.2164,9969.678321525165
2017-11-09,3427.7940000000003,4075.8990000000003,6611.351,8001.8009999999995,29136.57,2584.62,168.2071,9981.480666187146
2017-11-10,3432.673,4111.911,6641.215999999999,8068.4580000000005,29120.92,2582.3,168.1013,9984.060812868463
2017-11-13,3447.835,4128.073,6671.205,8153.387,29182.18,2584.84,167.7737,9992.229805366485
2017-11-14,3429.548,4099.351,6614.513000000001,8059.14,29152.12,2578.87,167.6393,9971.75605207945
2017-11-15,3402.5240000000003,4073.6690000000003,6537.656,7893.46,28851.69,2564.62,167.6934,9946.471887510612
2017-11-16,3399.25,4105.012,6558.308000000001,7958.321999999999,29018.76,2585.64,167.832,9945.751859525411
2017-11-17,3382.907,4120.85,6361.941,7801.451,29199.04,2578.85,167.8683,9930.483269827879
2017-11-20,3392.3979999999997,4143.833,6433.17,7966.214,29260.31,2582.14,167.8762,9939.761940779623
2017-11-21,3410.4970000000003,4217.701,6456.352,8083.166,29818.07,2599.03,167.7151,9954.214097385735
2017-11-22,3430.4640000000004,4227.566,6439.441,8034.076999999999,30003.49,2597.08,167.1849,9963.029253196815
2017-11-23,3351.9179999999997,4102.396,6274.5109999999995,7748.834,29707.94,2597.08,167.1701,9886.492491728051
2017-11-24,3353.82,4104.2029999999995,6278.028,7731.24,29866.32,2602.42,167.3896,9891.922572205156
2017-11-27,3322.2290000000003,4049.947,6194.552,7553.441999999999,29686.19,2601.42,167.4509,9862.06831407033
2017-11-28,3333.657,4055.823,6299.312,7676.265,29680.85,2627.04,167.3813,9871.690130450526
2017-11-29,3337.862,4053.752,6318.368,7657.147,29623.83,2626.07,167.5261,9878.616496077042
2017-11-30,3317.188,4006.099,6263.420999999999,7553.295,29177.35,2647.58,167.6148,9859.96390315075
2017-12-01,3317.617,3998.136,6316.406999999999,7645.366,29074.24,2642.22,167.7147,9862.132653191276
2017-12-04,3309.618,4018.857,6279.62,7628.285,29138.28,2639.44,167.8238,9856.338913084954
2017-12-05,3303.675,4040.17,6132.911999999999,7483.9,28842.8,2629.57,167.9046,9851.929915375978
2017-12-06,3293.9640000000004,4015.821,6172.803000000001,7537.107,28224.8,2629.27,167.9724,9843.535808397037
2017-12-07,3272.054,3971.0559999999996,6135.47,7435.590999999999,28303.19,2636.98,167.9852,9821.85641328321
2017-12-08,3289.992,4003.3790000000004,6203.143,7544.585999999999,28639.85,2651.5,167.9361,9838.626288139549
2017-12-11,3322.195,4069.4990000000003,6286.165,7694.6669999999995,28965.29,2659.99,167.7656,9867.297003159309
2017-12-12,3280.813,4016.0159999999996,6233.210999999999,7653.825,28793.88,2664.11,167.6746,9824.34826316928
2017-12-13,3303.0370000000003,4050.092,6277.441,7711.411999999999,29222.1,2662.85,167.6446,9845.53941167499
2017-12-14,3292.438,4026.151,6284.08,7669.859,29166.38,2652.01,167.7109,9836.188614334353
2017-12-15,3266.137,3980.855,6235.76,7586.944,28848.11,2675.81,167.8281,9812.175819571969
2017-12-18,3267.922,3985.2909999999997,6199.988,7503.0019999999995,29050.41,2690.16,167.9328,9815.727682668141
2017-12-19,3296.538,4035.329,6251.241,7581.72,29253.66,2681.47,167.8878,9843.502574671173
2017-12-20,3287.605,4030.489,6199.361999999999,7539.717,29234.09,2679.25,167.8278,9833.28532034477
2017-12-21,3300.059,4067.848,6238.4980000000005,7650.5419999999995,29367.06,2684.57,167.7718,9844.524206771395
2017-12-22,3297.063,4054.598,6242.884,7615.201999999999,29578.01,2683.34,167.8481,9842.963593414464
2017-12-25,3280.461,4041.54,6185.59,7537.571999999999,29578.01,2683.34,167.8859,9827.143767913381
2017-12-26,3306.1240000000003,4053.6220000000003,6220.147,7550.344,29578.01,2680.5,167.8042,9851.004509037712
2017-12-27,3275.782,3991.2070000000003,6173.151999999999,7457.456,29597.66,2682.62,167.7387,9819.441771864389
2017-12-28,3296.384,4018.897,6204.27,7494.514,29863.71,2687.54,167.7656,9840.25319690504
2017-12-29,3307.172,4030.8540000000003,6250.82,7554.856,29919.15,2673.61,167.8484,9852.508226474027
2017-12-30,3307.172,4030.8540000000003,6250.82,7554.856,29919.15,2673.61,167.8727,9852.945780023787
2017-12-31,3307.172,4030.8540000000003,6250.82,7554.856,29919.15,2673.61,167.893,9853.340480872503
2018-01-02,3348.325,4087.401,6332.226,7632.6269999999995,30515.31,2695.81,167.9581,9895.482061541883
2018-01-03,3369.1079999999997,4111.392,6388.253000000001,7727.67,30560.95,2713.06,167.9608,9915.81530170746
2018-01-04,3385.71,4128.811,6417.535,7766.773,30736.48,2723.99,167.88400000000001,9930.488396122215
2018-01-05,3391.75,4138.75,6417.253000000001,7715.803000000001,30814.64,2743.15,168.0329,9939.23144548577
2018-01-08,3409.4790000000003,4160.159000000001,6446.181,7719.081,30899.53,2747.71,168.1576,9959.007451535002
2018-01-09,3413.8990000000003,4189.2970000000005,6445.746,7749.521,31011.41,2751.29,168.2002,9964.08964509559
2018-01-10,3421.8340000000003,4207.813,6405.939,7719.424,31073.72,2748.23,168.0328,9968.490066630482
2018-01-11,3425.344,4205.585999999999,6425.94,7781.145,31120.39,2767.56,167.8964,9969.128866177583
2018-01-12,3428.94,4225.001,6399.3730000000005,7755.686,31412.54,2786.24,167.9581,9973.793861179427
2018-01-15,3410.488,4225.2390000000005,6253.375,7599.955,31338.87,2786.24,167.8256,9953.274502169486
2018-01-16,3436.594,4258.473,6301.132,7610.683000000001,31904.75,2776.42,167.8418,9978.822410460978
2018-01-17,3444.671,4248.116,6267.459,7550.33,31983.41,2802.56,167.799,9985.66668737159
2018-01-18,3474.7540000000004,4271.416,6286.8,7550.41,32121.94,2798.03,167.6835,10012.396557790305
2018-01-19,3487.864,4285.395,6272.38,7560.6669999999995,32254.89,2810.3,167.7088,10025.32209941236
2018-01-22,3501.362,4336.597,6347.638000000001,7685.187,32393.41,2832.97,167.8264,10040.539725759241
2018-01-23,3546.5040000000004,4382.612,6354.996999999999,7723.267,32930.7,2839.13,167.8996,10085.108187936923
2018-01-24,3559.465,4389.885,6394.299,7738.549,32958.69,2837.54,167.9466,10098.131926879012
2018-01-25,3548.3070000000002,4365.079000000001,6382.715999999999,7713.597,32654.45,2839.25,167.9872,10088.341839852306
2018-01-26,3558.1279999999997,4381.299,6383.630999999999,7675.401,33154.12,2872.87,168.0409,10098.613337930403
2018-01-29,3523.0,4302.018,6309.883000000001,7534.559,32966.89,2853.53,168.1,10066.52820258951
2018-01-30,3488.009,4256.102,6313.441999999999,7522.691,32607.29,2822.43,168.1046,10032.952284461266
2018-01-31,3480.833,4275.898,6189.340999999999,7420.656999999999,32887.27,2823.81,168.2212,10028.054782125364
2018-02-01,3446.9790000000003,4245.897,5984.741999999999,7225.8769999999995,32642.09,2821.98,168.3509,9998.040030941109
2018-02-02,3462.08,4271.232,6004.849,7291.821999999999,32601.78,2762.13,168.3765,10012.805182938622
2018-02-05,3487.4970000000003,4274.146,5998.223000000001,7222.956,32245.22,2648.94,168.4014,10037.732887851507
2018-02-06,3370.652,4148.885,5704.264,6912.975,30595.42,2695.14,168.6722,9930.894394817718
2018-02-07,3309.259,4050.4970000000003,5711.331999999999,6858.31,30323.2,2681.66,168.775,9871.465975923064
2018-02-08,3262.05,4012.047,5766.479,7011.223000000001,30451.27,2581.0,168.7751,9823.910660289948
2018-02-09,3129.85,3840.652,5554.897,6795.807,29507.42,2619.55,168.8258,9691.71586595415
2018-02-11,3129.85,3840.652,5554.897,6795.807,29507.42,2619.55,168.8993,9691.776889375153
2018-02-12,3154.125,3890.1040000000003,5699.097,7029.774,29459.63,2656.0,168.9518,9717.83050369435
2018-02-13,3184.958,3935.632,5736.95,7054.729,29839.53,2662.94,169.0032,9750.364849702146
2018-02-14,3199.158,3966.961,5754.834,7087.031,30515.6,2698.63,169.0211,9765.0496312203
2018-02-15,3199.158,3966.961,5754.834,7087.031,31115.43,2731.2,169.0211,9764.980183848942
2018-02-16,3199.158,3966.961,5754.834,7087.031,31115.43,2732.22,169.0211,9764.980290403766
2018-02-20,3199.158,3966.961,5754.834,7087.031,30873.63,2716.26,169.0211,9764.980716063303
2018-02-21,3199.158,3966.961,5754.834,7087.031,31431.89,2701.33,169.0211,9764.980472792973
2018-02-22,3268.558,4052.7329999999997,5875.727,7270.95,30965.68,2703.96,169.1168,9837.435720733038
2018-02-23,3289.0240000000003,4071.0879999999997,5897.6759999999995,7285.174,31267.17,2747.3,169.1975,9859.193465151679
2018-02-24,3289.0240000000003,4071.0879999999997,5897.6759999999995,7285.174,31267.17,2747.3,169.2761,9860.632216045738
2018-02-26,3329.573,4118.418,6029.679,7488.425,31498.6,2779.6,169.5971,9907.380687957302
2018-02-27,3292.067,4058.98,6010.557,7443.554,31268.66,2744.28,169.8018,9874.024820793671
2018-02-28,3259.408,4023.6409999999996,6023.677,7477.262,30844.72,2713.83,169.8871,9842.632026087782
2018-03-01,3273.7540000000004,4049.086,6090.224,7581.887,31044.25,2677.67,169.9225,9857.418094681743
2018-03-02,3254.528,4016.461,6056.335,7456.246,30583.45,2691.25,169.8662,9836.967105468148
2018-03-05,3256.926,4018.097,6064.098000000001,7481.857,29886.39,2720.94,169.8233,9838.365598322924
2018-03-06,3289.6409999999996,4066.5640000000003,6145.576,7555.121,30510.73,2728.12,169.8927,9872.626436119888
2018-03-07,3271.6679999999997,4036.653,6086.486999999999,7468.978,30196.92,2726.8,169.97400000000002,9856.068595184732
2018-03-08,3288.405,4077.6,6131.514,7521.223000000001,30654.52,2738.97,170.0747,9874.632484206608
2018-03-09,3307.165,4108.865,6206.975,7665.1669999999995,30996.21,2786.57,170.1123,9894.0731705437
2018-03-12,3326.699,4127.666,6295.776999999999,7781.575,31594.33,2783.02,170.1849,9914.873026032565
2018-03-13,3310.238,4091.2529999999997,6254.145,7699.045,31601.45,2765.31,170.1173,9897.123015248439
2018-03-14,3291.381,4073.344,6189.316999999999,7631.723000000001,31435.01,2749.48,170.1187,9878.198645713317
2018-03-15,3291.112,4096.162,6180.11,7651.02,31541.1,2747.33,170.1781,9878.889654492834
2018-03-16,3269.882,4056.422,6146.305,7563.496,31501.97,2752.01,170.2787,9859.586112147983
2018-03-19,3279.2509999999997,4074.2470000000003,6153.8330000000005,7581.279,31513.76,2712.92,170.3207,9869.588262571304
2018-03-20,3290.639,4077.704,6173.698,7579.715,31549.93,2716.94,170.4589,9883.643012826433
2018-03-21,3280.952,4061.05,6129.204000000001,7529.615,31414.52,2711.93,170.5958,9876.559465924907
2018-03-22,3263.48,4020.349,6101.227,7465.554,31071.05,2643.69,170.8386,9863.601928075828
2018-03-23,3152.76,3904.935,5787.151999999999,7160.371,30309.29,2588.26,171.4045,9762.746044395539
2018-03-26,3133.7209999999995,3879.893,5902.9580000000005,7282.918000000001,30548.77,2658.55,171.3879,9741.599889318597
2018-03-27,3166.6479999999997,3913.268,6034.775,7457.669,30790.83,2612.62,171.2811,9773.49842598525
2018-03-28,3122.289,3842.715,5973.340999999999,7338.635,30022.53,2605.0,171.3869,9729.682039387466
2018-03-29,3160.53,3894.0490000000004,6034.857,7361.463000000001,30093.38,2641.53,171.3975,9769.132190835659
2018-03-30,3168.8959999999997,3898.4970000000003,6114.738,7443.585999999999,30093.38,2641.53,171.5189,9779.860148775144
2018-04-02,3163.179,3886.9179999999997,6121.964,7396.405,30093.38,2581.88,171.6116,9775.719703293633
2018-04-03,3136.633,3862.4790000000003,6059.7080000000005,7345.32,30180.1,2614.45,171.7624,9751.168606759678
2018-04-04,3131.111,3854.862,6017.686,7280.351,29518.69,2644.69,171.9342,9748.407014140535
2018-04-05,3131.111,3854.862,6017.686,7280.351,29518.69,2662.84,171.9342,9748.332696674272
2018-04-06,3131.111,3854.862,6017.686,7280.351,29844.94,2604.47,171.9342,9748.332569479957
2018-04-08,3131.111,3854.862,6017.686,7280.351,29844.94,2604.47,172.25799999999998,9754.451954147109
2018-04-09,3138.2929999999997,3852.929,6025.649,7250.82,30229.58,2613.16,172.4879,9766.218451620894
2018-04-10,3190.321,3927.172,6063.741999999999,7345.906,30728.74,2656.87,172.4178,9818.86557750512
2018-04-11,3208.0809999999997,3938.343,6086.611999999999,7376.128000000001,30897.71,2642.19,172.4978,9838.317841390288
2018-04-12,3180.158,3898.635,6051.334,7320.689,30831.28,2663.99,172.5556,9810.796455265225
2018-04-13,3159.052,3871.1440000000002,6027.186,7292.316999999999,30808.38,2656.3,172.6258,9790.130091790086
2018-04-16,3110.6479999999997,3808.863,6012.405,7260.851,30315.59,2677.84,172.8759,9744.630072100303
2018-04-17,3066.796,3748.6409999999996,5890.857,7041.311,30062.75,2706.39,173.024,9701.094218632941
2018-04-18,3091.3979999999997,3766.282,5970.656999999999,7124.226,30284.25,2708.64,174.6848,9757.595172291225
2018-04-19,3117.3759999999997,3811.843,6004.733,7183.215,30708.44,2693.13,174.4233,9780.0576843484
2018-04-20,3071.542,3760.8540000000003,5880.835,7065.41,30418.33,2670.14,174.4636,9732.693476043518
2018-04-23,3068.012,3766.325,5823.92,6977.441,30254.4,2670.29,174.1289,9722.253877521158
2018-04-24,3128.927,3843.488,5957.191999999999,7114.476,30636.24,2634.56,174.2305,9788.438959607427
2018-04-25,3117.973,3828.7009999999996,5959.422,7114.161,30328.15,2639.4,174.0846,9773.978307914123
2018-04-26,3075.03,3755.494,5847.976,6940.684,30007.68,2666.94,173.9334,9726.175311042884
2018-04-27,3082.2309999999998,3756.8759999999997,5860.983,6998.767,30280.67,2669.91,173.8291,9731.384785997207
2018-04-28,3082.2309999999998,3756.8759999999997,5860.983,6998.767,30280.67,2669.91,173.886,9732.388412790515
2018-04-30,3082.2309999999998,3756.8759999999997,5860.983,6998.767,30808.45,2648.05,173.886,9732.383025311428
2018-05-01,3082.2309999999998,3756.8759999999997,5860.983,6998.767,30808.45,2654.8,173.886,9732.383047602398
2018-05-02,3081.177,3763.6459999999997,5855.323,7038.238,30723.88,2635.67,173.7104,9727.998094020584
2018-05-03,3100.8579999999997,3793.0,5910.605,7104.125,30313.37,2629.73,173.8039,9750.428702854817
2018-05-04,3091.033,3774.598,5909.294,7129.326999999999,29926.5,2663.42,173.97,9743.14992892769
2018-05-07,3136.6440000000002,3834.187,6019.14,7254.605,29994.26,2672.63,173.9222,9790.06112370863
2018-05-08,3161.4970000000003,3878.676,6041.814,7299.263000000001,30402.81,2671.92,173.7334,9812.124430380885
2018-05-09,3159.15,3871.615,6029.232,7299.281,30536.14,2697.79,173.5599,9806.264076058751
2018-05-10,3174.4120000000003,3893.0559999999996,6040.571,7334.621,30809.22,2723.07,173.5986,9822.755645151272
2018-05-11,3163.263,3872.8379999999997,5991.342,7287.983,31122.06,2727.72,173.6733,9812.592209765256
2018-05-14,3174.032,3909.2929999999997,5967.554,7364.545,31541.08,2730.13,173.6766,9823.666286695057
2018-05-15,3192.118,3924.097,6020.569,7406.361,31152.03,2711.45,173.5231,9839.375187524227
2018-05-16,3169.565,3892.844,6004.069,7392.621,31110.2,2722.46,173.4984,9815.61251284105
2018-05-17,3154.282,3864.05,5973.778,7346.995,30942.15,2720.13,173.4538,9798.763841031563
2018-05-18,3193.303,3903.063,5995.149,7341.238,31047.91,2712.97,173.5271,9840.394602097052
2018-05-21,3213.84,3921.242,6072.1990000000005,7428.022,31234.35,2733.01,173.6897,9864.37342176546
2018-05-22,3214.349,3906.208,6092.906,7423.803000000001,31234.35,2724.44,173.8926,9868.659121194576
2018-05-23,3168.9640000000004,3854.5820000000003,6013.847,7335.858,30665.64,2733.29,174.0884,9825.902147873616
2018-05-24,3154.65,3827.217,5992.62,7281.754,30760.41,2727.76,174.1634,9812.031134534049
2018-05-25,3141.303,3816.498,5917.797,7193.438,30588.04,2721.33,174.4047,9802.568154617527
2018-05-28,3135.0820000000003,3833.259,5891.262,7215.647,30792.26,2721.33,174.4401,9796.597518820328
2018-05-29,3120.46,3804.009,5835.445,7129.851,30484.58,2689.86,174.4622,9781.711658769373
2018-05-30,3041.4429999999998,3723.3720000000003,5682.588000000001,6961.953,30056.79,2724.01,174.5347,9700.346561824581
2018-05-31,3095.473,3802.375,5754.474,7097.420999999999,30468.56,2705.27,174.4103,9754.63776901751
2018-06-01,3075.137,3770.5890000000004,5685.115,7001.545,30492.91,2734.62,174.3682,9732.179060137958
2018-06-04,3091.19,3807.578,5683.148,6993.084,30997.98,2746.87,174.2172,9746.092870612652
2018-06-05,3114.205,3845.316,5779.076999999999,7147.085999999999,31093.45,2748.8,174.16,9769.100623610282
2018-06-06,3115.18,3837.3509999999997,5774.257,7142.590999999999,31259.1,2772.35,174.1228,9769.291650131796
2018-06-07,3109.498,3831.012,5738.017,7106.509,31512.63,2770.37,174.0832,9762.59968120975
2018-06-08,3067.147,3779.615,5669.303000000001,7035.084,30958.21,2779.03,174.2011,9720.4254189052
2018-06-11,3052.783,3779.9809999999998,5632.356,6996.982,31063.7,2782.0,174.2425,9705.56262402165
2018-06-12,3079.801,3825.953,5693.346,7067.111999999999,31103.06,2786.85,174.0949,9731.29657407069
2018-06-13,3049.796,3788.3390000000004,5607.017,6956.64,30725.15,2775.63,174.2421,9702.26459374443
2018-06-14,3044.159,3773.365,5586.931,6914.340999999999,30440.17,2782.49,174.4243,9699.335675206958
2018-06-15,3021.9,3753.433,5483.944,6817.148,30309.49,2779.66,174.5755,9678.420104800745
2018-06-18,3021.9,3753.433,5483.944,6817.148,30309.49,2773.75,174.5755,9678.166984595402
2018-06-19,2907.822,3621.116,5141.709,6488.896,29468.15,2762.59,174.9663,9563.602134536608
2018-06-20,2915.7309999999998,3635.4429999999998,5198.393,6559.485,29696.17,2767.32,174.8139,9568.228874211882
2018-06-21,2875.809,3592.965,5089.252,6421.079000000001,29296.05,2749.76,175.0041,9527.957399529527
2018-06-22,2889.76,3608.9040000000005,5160.122,6498.969,29338.7,2754.88,175.1162,9544.940049357481
2018-06-25,2859.336,3560.4770000000003,5125.032999999999,6447.094,29254.44,2717.07,175.1356,9511.738343037654
2018-06-26,2844.508,3531.111,5160.282,6460.885,28881.4,2723.06,175.1899,9495.939981767711
2018-06-27,2813.177,3459.262,5109.497,6327.401999999999,28356.26,2699.63,175.3548,9463.883046298242
2018-06-28,2786.8959999999997,3423.525,5055.109,6260.809,28497.32,2716.31,175.6711,9439.735635733152
2018-06-29,2847.4179999999997,3510.9840000000004,5217.764,6477.764,28955.11,2718.37,176.1964,9517.149757297691
2018-07-02,2775.5570000000002,3407.9629999999997,5138.782,6369.736,28955.11,2726.71,176.4315,9441.072285667253
2018-07-03,2786.887,3409.28,5197.130999999999,6370.911999999999,28545.57,2713.22,176.5114,9454.5126055458
2018-07-04,2759.1259999999997,3363.7470000000003,5121.343,6250.0740000000005,28241.67,2713.22,176.5248,9423.307723039565
2018-07-05,2733.881,3342.437,4982.762,6121.3240000000005,28182.09,2736.61,176.7411,9398.098173768292
2018-07-06,2747.228,3365.1220000000003,4996.629,6162.291,28315.62,2759.82,176.6624,9411.687834925448
2018-07-09,2815.1090000000004,3459.183,5107.55,6345.334,28688.5,2784.17,176.5648,9487.38140751538
2018-07-10,2827.625,3467.515,5136.532,6389.767,28682.25,2793.84,176.5013,9499.895410729909
2018-07-11,2777.7709999999997,3407.5290000000005,5036.156,6286.932,28311.69,2774.02,176.6152,9446.025126539083
2018-07-12,2837.658,3481.055,5172.503,6463.2519999999995,28480.83,2798.29,176.6504,9513.958687447099
2018-07-13,2831.183,3492.6890000000003,5204.185,6504.019,28525.44,2801.31,176.8787,9510.484597034352
2018-07-16,2814.0409999999997,3472.085,5195.2,6501.380999999999,28539.66,2798.43,177.0568,9494.388681613189
2018-07-17,2798.125,3449.377,5196.196,6481.094,28181.68,2809.55,177.0864,9476.80784265367
2018-07-18,2787.257,3431.322,5156.6359999999995,6410.666,28117.42,2815.62,177.2739,9467.698809760568
2018-07-19,2772.545,3428.343,5111.327,6396.142,28010.86,2804.49,177.5734,9456.231593180264
2018-07-20,2829.2709999999997,3492.893,5175.251,6479.21,28224.48,2801.83,177.4032,9517.504962877883
2018-07-23,2859.542,3525.75,5214.003,6528.1230000000005,28256.12,2806.98,177.4127,9551.26023620228
2018-07-24,2905.5609999999997,3581.705,5304.641,6606.326999999999,28662.57,2820.4,177.0908,9596.549311291896
2018-07-25,2903.6459999999997,3577.752,5308.656,6605.985,28920.9,2846.07,177.0815,9593.955524641391
2018-07-26,2882.225,3536.245,5273.478,6499.090999999999,28781.14,2837.44,177.1887,9572.278595424033
2018-07-27,2873.593,3521.2259999999997,5249.29,6468.871,28804.28,2818.82,177.4263,9566.753207940259
2018-07-30,2869.0490000000004,3515.079,5185.151,6373.805,28733.13,2802.6,177.6182,9565.040986884334
2018-07-31,2876.4,3517.656,5188.715999999999,6352.48,28583.01,2816.29,177.9634,9579.338274098733
2018-08-01,2824.533,3447.388,5105.374,6240.223000000001,28340.74,2813.36,178.107,9524.336374283754
2018-08-02,2768.0229999999997,3370.9570000000003,4996.012,6084.941,27714.56,2827.22,178.1659,9461.277885469319
2018-08-03,2740.442,3315.283,4929.75,5942.001,27676.32,2840.35,178.4106,9433.539400920496
2018-08-06,2705.156,3273.272,4825.25,5796.358,27819.56,2850.4,178.6127,9396.27385576606
2018-08-07,2779.3740000000003,3368.869,4956.871,5959.9980000000005,28248.88,2858.45,178.7243,9483.732543763976
2018-08-08,2744.0690000000004,3314.507,4880.569,5832.319,28359.14,2857.7,178.4754,9438.760927106328
2018-08-09,2794.381,3397.5290000000005,5004.773,6036.139,28607.3,2853.58,177.9704,9487.160899468512
2018-08-10,2795.309,3405.0190000000002,5030.514,6083.432,28366.62,2833.28,177.9124,9486.799585645253
2018-08-13,2785.8720000000003,3390.344,5055.275,6127.16,27936.57,2821.93,177.5445,9469.569051282455
2018-08-14,2780.9640000000004,3372.913,5037.883,6066.805,27752.93,2839.96,177.7301,9467.22054989456
2018-08-15,2723.257,3291.9759999999997,4932.806,5930.656,27323.59,2818.37,177.6803,9400.778984922668
2018-08-16,2705.191,3276.7270000000003,4888.371,5862.119000000001,27100.06,2840.69,177.4969,9376.100334346069
2018-08-17,2668.966,3229.619,4803.028,5761.119000000001,27213.41,2850.13,176.9549,9324.512416738697
2018-08-20,2698.465,3267.2490000000003,4832.651,5815.625,27598.02,2857.05,176.9113,9357.724448612626
2018-08-21,2733.8259999999996,3326.6479999999997,4891.98,5917.001,27752.79,2862.96,176.7541,9395.647103089826
2018-08-22,2714.6079999999997,3307.954,4837.018,5841.988,27927.58,2861.82,176.9573,9376.996530805201
2018-08-23,2724.6240000000003,3320.025,4863.665,5876.366,27790.46,2856.98,177.2215,9392.955181620047
2018-08-24,2729.43,3325.3340000000003,4852.288,5851.908,27671.87,2874.69,177.226,9398.546068897118
2018-08-27,2780.8990000000003,3406.573,4960.065,6020.956999999999,28271.27,2896.74,177.1492,9456.238825281336
2018-08-28,2777.98,3400.17,4974.207,6022.959,28351.62,2897.52,177.1751,9453.079356760365
2018-08-29,2769.2940000000003,3386.573,4941.96,5979.986999999999,28416.44,2914.04,177.1893,9443.443642828923
2018-08-30,2737.736,3351.094,4867.121,5910.993,28164.05,2901.13,177.3548,9410.411862276469
2018-08-31,2725.2490000000003,3334.5029999999997,4814.823,5844.983,27888.55,2901.52,177.4833,9397.999962113314
2018-09-03,2720.7340000000004,3321.824,4838.873,5824.885,27712.54,2901.52,177.3429,9390.175856270856
2018-09-04,2750.58,3363.8979999999997,4890.28,5910.978,27973.34,2896.72,177.2885,9423.512175487413
2018-09-05,2704.336,3298.1409999999996,4815.034000000001,5817.0419999999995,27243.85,2888.6,177.3058,9370.825262696451
2018-09-06,2691.592,3262.88,4793.345,5747.948,26974.82,2878.05,177.2822,9355.154752001552
2018-09-07,2702.3,3277.643,4791.777,5714.392,26973.47,2871.68,177.2171,9366.26885567108
2018-09-10,2669.4840000000004,3230.0679999999998,4704.878,5564.238,26613.42,2877.13,177.0093,9324.618422884638
2018-09-11,2664.7990000000004,3224.211,4702.903,5574.289000000001,26422.55,2887.89,176.8622,9316.21639591883
2018-09-12,2656.11,3202.0240000000003,4693.974,5518.437,26345.04,2888.92,176.9656,9307.863837675173
2018-09-13,2686.578,3236.566,4721.212,5555.9619999999995,27014.49,2904.18,177.0435,9344.707791874978
2018-09-14,2681.643,3242.09,4670.079000000001,5533.302,27286.41,2904.98,177.1658,9340.9713490519
2018-09-17,2651.788,3204.922,4602.39,5448.144,26932.85,2888.8,177.3025,9308.640123713649
2018-09-18,2699.95,3269.4309999999996,4683.505,5542.6990000000005,27084.66,2904.31,177.3016,9364.615607620886
2018-09-19,2730.85,3312.482,4736.893,5627.713000000001,27407.37,2907.95,177.2275,9398.75055824169
2018-09-20,2729.243,3310.125,4733.48,5616.920999999999,27477.67,2930.75,177.13099999999997,9395.007530481558
2018-09-21,2797.4840000000004,3410.485,4805.215,5749.204000000001,27953.58,2929.67,177.2308,9475.057749051213
2018-09-24,2797.4840000000004,3410.485,4805.215,5749.204000000001,27499.39,2919.37,177.2308,9474.680176154077
2018-09-25,2781.138,3379.804,4792.55,5714.507,27499.39,2915.56,177.3359,9458.09819384173
2018-09-26,2806.813,3417.241,4815.63,5766.113,27816.87,2905.97,177.5209,9490.296530025615
2018-09-27,2791.7740000000003,3403.59,4755.38,5702.33,27715.67,2914.0,177.7479,9477.277707108737
2018-09-28,2821.35,3438.864,4800.728,5750.77,27788.52,2913.98,177.8583,9512.51572449801
2018-09-29,2821.35,3438.864,4800.728,5750.77,27788.52,2913.98,177.9166,9513.405599410014
2018-09-30,2821.35,3438.864,4800.728,5750.77,27788.52,2913.98,177.9569,9514.118350231993
2018-10-01,2821.35,3438.864,4800.728,5750.77,27788.52,2924.59,177.9569,9514.11415591079
2018-10-02,2821.35,3438.864,4800.728,5750.77,27126.38,2923.43,177.9569,9514.113891580979
2018-10-03,2821.35,3438.864,4800.728,5750.77,27091.26,2925.51,177.9569,9514.11389702804
2018-10-04,2821.35,3438.864,4800.728,5750.77,26623.87,2901.61,177.9569,9514.113402175959
2018-10-05,2821.35,3438.864,4800.728,5750.77,26572.57,2885.57,177.9569,9514.1136605742
2018-10-08,2716.51,3290.8979999999997,4646.492,5486.8769999999995,26202.57,2884.43,178.0996,9398.808053964907
2018-10-09,2721.013,3288.69,4634.893,5448.13,26172.91,2880.34,178.1408,9403.52193819839
2018-10-10,2725.836,3281.597,4629.887,5405.951,26193.07,2785.68,178.2299,9410.626054959577
2018-10-11,2583.4570000000003,3124.113,4307.42,5069.935,25266.37,2728.37,178.5557,9252.494750857131
2018-10-12,2606.9120000000003,3170.7259999999997,4278.035,5099.710999999999,25801.49,2767.13,178.5993,9279.559464717517
2018-10-15,2568.098,3126.4509999999996,4199.153,5041.86,25445.06,2750.79,178.6342,9233.975790840555
2018-10-16,2546.3289999999997,3100.973,4099.683,4930.41,25462.26,2809.92,178.696,9208.480829357351
2018-10-17,2561.614,3118.2459999999996,4133.383,4987.329000000001,25462.26,2809.21,178.7339,9227.288667832032
2018-10-18,2486.4179999999997,3044.3909999999996,4018.461,4886.077,25454.55,2768.78,178.9543,9140.70519829643
2018-10-19,2550.465,3134.945,4127.985,5009.14,25561.4,2767.78,179.0032,9219.084468630268
2018-10-22,2654.8759999999997,3270.2729999999997,4333.144,5263.821999999999,26153.15,2755.88,178.9321,9343.278392598893
2018-10-23,2594.825,3183.425,4253.556,5114.420999999999,25346.55,2740.69,179.0207,9273.729973785312
2018-10-24,2603.295,3188.2009999999996,4245.488,5077.534000000001,25249.78,2656.1,179.2185,9286.515037052792
2018-10-25,2603.799,3194.308,4234.42,5056.924,24994.46,2705.57,179.3829,9289.937251116127
2018-10-26,2598.846,3173.635,4233.958,5027.147,24717.63,2658.69,179.4404,9285.030589367901
2018-10-29,2542.103,3076.888,4162.525,4909.62,24812.04,2641.25,179.72099999999998,9222.228157688123
2018-10-30,2568.048,3110.26,4204.542,4923.804,24585.53,2682.63,179.8453,9255.018595698977
2018-10-31,2602.783,3153.823,4272.5509999999995,4999.831,24979.69,2711.74,179.8609,9296.87679695169
2018-11-01,2606.237,3177.033,4298.983,5077.854,25416.0,2740.37,179.9811,9302.853505191846
2018-11-02,2676.4759999999997,3290.245,4437.945,5317.608,26486.35,2723.06,179.7502,9382.450255663345
2018-11-05,2665.43,3262.835,4440.827,5289.088000000001,25934.39,2738.31,179.8605,9371.000269047476
2018-11-06,2659.3559999999998,3243.15,4438.096,5210.32,26120.96,2755.45,180.0315,9366.710731942556
2018-11-07,2641.342,3221.91,4415.1359999999995,5166.363,26147.69,2813.89,180.28099999999998,9349.80143868811
2018-11-08,2635.632,3212.7729999999997,4382.3279999999995,5118.183,26227.72,2806.83,180.3521,9344.056709037326
2018-11-09,2598.871,3167.4440000000004,4368.6140000000005,5089.840999999999,25601.92,2781.01,180.3888,9301.173706781621
2018-11-12,2630.5190000000002,3205.14,4481.688,5220.355,25633.18,2726.22,180.4501,9339.539926709613
2018-11-13,2654.8790000000004,3237.382,4563.535,5292.361999999999,25792.87,2722.18,180.5537,9369.977394454567
2018-11-14,2632.242,3204.942,4545.508,5243.476,25654.43,2701.58,181.0597,9351.971488033865
2018-11-15,2668.17,3242.3709999999996,4619.814,5300.039000000001,26103.34,2730.2,181.3127,9398.56134344297
2018-11-16,2679.1090000000004,3257.673,4659.096,5345.528,26183.53,2736.27,181.7549,9418.875326701487
2018-11-19,2703.511,3294.603,4670.737,5369.558000000001,26372.0,2690.73,181.8552,9449.204556560026
2018-11-20,2645.8540000000003,3218.407,4537.4490000000005,5212.365,25840.34,2641.89,181.7519,9380.11521097742
2018-11-21,2651.505,3226.491,4554.674,5224.424,25971.47,2649.93,181.8253,9387.386300286125
2018-11-22,2645.433,3214.427,4551.326,5231.667,26019.41,2649.93,181.7342,9378.631301891957
2018-11-23,2579.4829999999997,3143.475,4374.764,5043.899,25927.68,2632.56,181.6469,9299.128676282879
2018-11-26,2575.81,3141.243,4367.460999999999,5020.9490000000005,26376.18,2673.45,181.61599999999999,9293.407711093467
2018-11-27,2574.679,3137.241,4387.651,5027.112,26331.96,2682.2,181.6142,9291.974737033726
2018-11-28,2601.736,3178.9320000000002,4441.856,5109.5740000000005,26682.56,2743.78,181.7375,9326.614725078369
2018-11-29,2567.4429999999998,3137.6540000000005,4345.7029999999995,5006.0,26451.03,2737.76,181.9558,9289.227567895188
2018-11-30,2588.187,3172.69,4376.651,5087.571,26506.75,2760.17,182.0093,9314.722632122843
2018-12-03,2654.798,3260.95,4515.173,5275.911999999999,27182.04,2790.37,182.1034,9396.12105146451
2018-12-04,2665.9570000000003,3267.7090000000003,4536.21,5282.008000000001,27260.44,2700.06,182.5197,9416.057416762735
2018-12-05,2649.805,3252.0040000000004,4502.702,5278.66,26819.68,2700.06,182.692,9400.004555528581
2018-12-06,2605.181,3181.673,4411.088,5132.722,26156.38,2695.95,182.8739,9350.150438090262
2018-12-07,2605.887,3181.5640000000003,4410.959,5128.492,26063.76,2633.08,182.9867,9352.36829493752
2018-12-10,2584.5820000000003,3144.763,4359.312,5050.657,25752.38,2637.72,183.2385,9331.16811127482
2018-12-11,2594.0879999999997,3159.815,4395.57,5077.644,25771.67,2636.78,183.3256,9343.807362911535
2018-12-12,2602.152,3170.6090000000004,4393.3240000000005,5080.201,26186.71,2651.07,183.3557,9353.957529076102
2018-12-13,2634.0490000000004,3219.692,4443.157,5140.134,26524.35,2650.54,182.8321,9383.23121972484
2018-12-14,2593.74,3165.91,4337.102,5014.621,26094.79,2599.95,182.7499,9333.677764270084
2018-12-17,2597.973,3161.196,4330.646,4978.365,26087.98,2545.94,182.5508,9334.888711968348
2018-12-18,2576.649,3128.426,4307.267,4935.979,25814.25,2546.16,182.608,9310.263081243165
2018-12-19,2549.563,3091.125,4247.899,4849.907999999999,25865.39,2506.96,182.7627,9280.005202702187
2018-12-20,2536.2670000000003,3067.4159999999997,4259.7609999999995,4846.329000000001,25623.53,2467.42,183.0696,9268.725509442644
2018-12-21,2516.25,3029.395,4231.144,4769.657,25753.42,2416.58,183.0889,9244.477067301314
2018-12-24,2527.007,3038.198,4274.721,4811.29,25651.38,2351.1,183.0558,9256.845840558954
2018-12-25,2504.819,3017.281,4225.512,4785.348,25651.38,2351.1,183.1432,9231.154525372905
2018-12-26,2498.2929999999997,3002.032,4208.405,4747.577,25651.38,2467.7,183.2512,9224.671065320697
2018-12-27,2483.0860000000002,2990.505,4161.27,4689.763,25478.88,2488.83,183.5005,9210.046954635354
2018-12-28,2493.896,3010.653,4168.036,4703.027,25504.2,2485.74,183.9771,9231.174899489142
2018-12-29,2493.896,3010.653,4168.036,4703.027,25504.2,2485.74,184.0333,9232.114328250853
2018-12-30,2493.896,3010.653,4168.036,4703.027,25504.2,2485.74,184.0508,9232.401874455956
2018-12-31,2493.896,3010.653,4168.036,4703.027,25845.7,2506.85,184.0687,9232.699642140666
2019-01-02,2465.291,2969.535,4131.956,4647.544,25130.35,2510.03,184.5715,9205.804340220198
2019-01-03,2464.362,2964.842,4112.807,4588.083,25064.36,2447.89,184.7825,9207.755666811314
2019-01-04,2514.868,3035.8740000000003,4210.878,4716.471,25626.03,2531.94,184.7633,9270.312199924887
2019-01-07,2533.0879999999997,3054.303,4288.323,4814.222,25835.7,2549.69,184.8079,9293.12546734299
2019-01-08,2526.462,3047.703,4277.295999999999,4813.603,25875.45,2574.41,185.176,9291.086576397429
2019-01-09,2544.344,3078.475,4288.771,4845.786,26462.32,2584.96,185.0853,9311.377106597341
2019-01-10,2535.098,3072.6859999999997,4281.86,4838.2429999999995,26521.43,2596.64,185.0222,9298.914125248672
2019-01-11,2553.831,3094.778,4314.875,4863.626,26667.27,2596.26,184.9974,9321.29460488891
2019-01-14,2535.765,3067.784,4286.5470000000005,4819.697,26298.33,2582.61,184.8959,9297.489743083777
2019-01-15,2570.344,3127.99,4347.355,4905.204000000001,26830.29,2610.3,184.798,9337.897306666673
2019-01-16,2570.422,3128.651,4336.877,4893.044,26902.1,2616.1,185.2592,9345.528896524682
2019-01-17,2559.637,3111.4159999999997,4303.73,4850.195,26755.63,2635.96,185.3378,9333.740594875337
2019-01-18,2596.005,3168.173,4347.811,4926.272,27090.81,2670.71,185.2192,9375.816497154978
2019-01-21,2610.509,3185.636,4373.633,4960.96,27196.54,2670.71,185.1484,9391.839367966677
2019-01-22,2579.7039999999997,3143.317,4308.251,4890.776,27005.45,2632.9,185.1214,9354.339091421993
2019-01-23,2581.004,3141.053,4315.684,4887.2429999999995,27008.2,2638.7,185.1194,9355.50610418386
2019-01-24,2591.6929999999998,3158.781,4338.17,4920.111,27120.98,2642.33,185.0384,9367.048362006366
2019-01-25,2601.723,3184.469,4318.441,4945.273,27569.19,2664.76,184.9037,9376.77986419107
2019-01-28,2596.976,3183.777,4307.219,4954.634,27576.96,2643.85,184.8401,9369.917975996157
2019-01-29,2594.2529999999997,3193.969,4254.287,4904.712,27531.68,2640.0,185.0457,9370.064054044722
2019-01-30,2575.575,3168.482,4211.623,4842.97,27642.85,2681.05,185.2539,9351.039414431736
2019-01-31,2584.572,3201.633,4176.473,4836.613,27942.47,2704.1,185.3927,9364.017819188093
2019-02-01,2618.232,3247.397,4294.269,5004.4890000000005,27930.74,2706.53,185.4435,9405.494587676865
2019-02-02,2618.232,3247.397,4294.269,5004.4890000000005,27930.74,2706.53,185.4963,9406.190122212121
2019-02-03,2618.232,3247.397,4294.269,5004.4890000000005,27930.74,2706.53,185.5435,9406.983748678178
2019-02-04,2618.232,3247.397,4294.269,5004.4890000000005,27990.21,2724.87,185.5435,9406.979314831453
2019-02-05,2618.232,3247.397,4294.269,5004.4890000000005,27990.21,2737.7,185.5435,9406.979304010736
2019-02-06,2618.232,3247.397,4294.269,5004.4890000000005,27990.21,2731.61,185.5435,9406.979002133028
2019-02-07,2618.232,3247.397,4294.269,5004.4890000000005,27990.21,2706.05,185.5435,9406.978963473812
2019-02-08,2618.232,3247.397,4294.269,5004.4890000000005,27946.32,2707.88,185.5435,9406.97870105295
2019-02-11,2653.8959999999997,3306.472,4402.866,5174.367,28143.84,2709.8,185.7908,9453.871939869998
2019-02-12,2671.893,3330.335,4439.485,5224.809,28171.33,2744.73,185.8357,9475.830111455009
2019-02-13,2721.0679999999998,3397.027,4512.407999999999,5334.670999999999,28497.59,2753.03,185.8615,9534.301641188315
2019-02-14,2719.699,3402.14,4532.169,5378.738,28432.05,2745.73,185.7921,9531.227314599782
2019-02-15,2682.385,3338.704,4502.734,5313.986999999999,27900.84,2775.6,185.8002,9487.76272508515
2019-02-18,2754.3559999999998,3445.744,4660.999,5540.066,28347.01,2775.6,185.63099999999997,9569.294501373315
2019-02-19,2755.645,3439.607,4667.282999999999,5534.388000000001,28228.13,2779.76,185.6213,9570.162317118811
2019-02-20,2761.218,3451.927,4667.624,5565.935,28514.05,2784.7,185.6492,9577.08369774921
2019-02-21,2751.801,3442.705,4659.143,5552.568,28629.92,2774.88,185.6399,9566.008333946886
2019-02-22,2804.2259999999997,3520.118,4777.2970000000005,5688.879,28816.3,2792.67,185.6671,9627.114110488783
2019-02-25,2961.283,3729.4829999999997,5044.346,5985.306,28959.3,2796.11,185.2928,9800.067635552963
2019-02-26,2941.5159999999996,3684.6929999999998,5038.543,5964.776,28772.06,2793.9,185.0999,9773.891187868023
2019-02-27,2953.824,3678.3920000000003,5017.884,5881.479,28757.44,2792.38,185.2376,9789.743809833893
2019-02-28,2940.953,3669.37,5025.291,5893.693,28633.18,2784.49,185.2,9774.817713484174
2019-03-01,2994.005,3749.7140000000004,5067.225,5939.920999999999,28812.17,2803.69,185.0643,9831.065243221794
2019-03-04,3027.575,3794.1040000000003,5158.246,6074.016,28959.59,2792.81,185.0323,9866.920006304317
2019-03-05,3054.2459999999996,3816.013,5295.286999999999,6215.879,28961.6,2789.65,184.9567,9894.358070952494
2019-03-06,3102.099,3848.09,5390.029,6274.223000000001,29037.6,2771.45,184.975,9946.197310753678
2019-03-07,3106.417,3808.849,5458.615,6244.1359999999995,28779.45,2748.93,185.2822,9956.060620664655
2019-03-08,2969.861,3657.579,5245.6990000000005,6081.053000000001,28228.42,2743.07,185.4616,9813.387162408302
2019-03-11,3026.992,3729.954,5456.380999999999,6317.717,28503.3,2783.3,185.4828,9875.188391676536
2019-03-12,3060.3070000000002,3755.3509999999997,5551.0019999999995,6401.213000000001,28920.87,2791.52,185.4302,9910.168603558539
2019-03-13,3026.9509999999996,3724.1940000000004,5424.8640000000005,6212.232,28807.45,2810.92,185.4189,9873.770176831054
2019-03-14,2990.685,3698.485,5298.5019999999995,6112.594,28851.39,2808.48,185.329,9832.381216989434
2019-03-15,3021.7509999999997,3745.005,5359.008000000001,6198.559,29012.26,2822.48,185.3763,9866.870730159419
2019-03-18,3096.417,3851.7470000000003,5501.183000000001,6367.835,29409.01,2832.94,185.3587,9947.662082912891
2019-03-19,3090.975,3833.962,5522.18,6358.475,29466.28,2832.57,185.3631,9941.4996454094
2019-03-20,3090.64,3835.4390000000003,5515.785,6324.831999999999,29320.97,2824.23,185.3406,9940.67855596159
2019-03-21,3101.455,3836.8909999999996,5589.478,6365.43,29071.56,2854.88,185.4438,9954.115288003437
2019-03-22,3104.1479999999997,3833.801,5622.14,6367.467,29113.36,2800.71,185.6068,9959.87270289261
2019-03-25,3043.031,3742.825,5549.670999999999,6244.213000000001,28523.35,2798.36,185.8873,9899.52356219989
2019-03-26,2997.095,3700.438,5394.878000000001,6126.432,28566.91,2818.46,185.9469,9850.086121798948
2019-03-27,3022.719,3743.387,5447.879,6175.543000000001,28728.25,2805.37,185.9191,9877.156677873782
2019-03-28,2994.9429999999998,3728.395,5370.1230000000005,6137.704000000001,28775.21,2815.44,186.0438,9848.964839268689
2019-03-29,3090.758,3872.341,5547.656,6379.977,29051.36,2834.4,186.1033,9954.725446885313
2019-04-01,3170.361,3973.928,5757.8369999999995,6610.065,29562.02,2867.19,185.7292,10032.993268668011
2019-04-02,3176.822,3971.285,5775.549,6596.5830000000005,29624.67,2867.24,185.5549,10036.17096477361
2019-04-03,3216.295,4022.156,5836.036,6649.526,29986.39,2873.4,185.0934,10069.351264241615
2019-04-04,3246.571,4062.23,5871.557,6662.741999999999,29936.32,2879.39,184.9324,10097.73200143196
2019-04-05,3246.571,4062.23,5871.557,6662.741999999999,29936.32,2892.74,184.9324,10097.54278585081
2019-04-08,3244.81,4057.228,5847.629,6580.0509999999995,30077.15,2895.77,185.0114,10097.154795184899
2019-04-09,3239.663,4075.43,5858.045999999999,6589.38,30157.49,2878.2,184.6982,10086.093116316162
2019-04-10,3241.929,4085.847,5850.76,6574.228,30119.56,2888.21,184.6818,10088.091114111165
2019-04-11,3189.961,3997.577,5727.174,6413.626,29839.45,2888.32,184.80900000000003,10036.488582853837
2019-04-12,3188.625,3988.616,5714.366999999999,6411.38,29909.76,2907.41,184.602,10030.784466179095
2019-04-15,3177.7859999999996,3975.5240000000003,5655.982,6356.751,29810.72,2905.58,184.1268,10010.780944819599
2019-04-16,3253.597,4085.789,5777.0109999999995,6497.482,30129.87,2907.06,183.928,10086.68484277949
2019-04-17,3263.117,4087.239,5807.728,6533.643,30124.68,2900.45,183.9707,10096.864338332538
2019-04-18,3250.2009999999996,4072.075,5775.170999999999,6476.821999999999,29963.26,2905.03,184.2431,10088.483716991741
2019-04-19,3270.797,4120.607,5810.179,6530.411999999999,29963.26,2905.03,184.218,10109.175322361289
2019-04-22,3215.042,4025.61,5723.041,6417.323,29963.26,2907.97,184.0654,10048.830980020375
2019-04-23,3198.593,4019.005,5628.062,6348.084,29963.24,2933.68,183.9935,10029.819882331822
2019-04-24,3201.613,4030.0879999999997,5679.725,6412.066,29805.83,2927.25,183.763,10028.62204582805
2019-04-25,3123.8259999999996,3941.816,5458.419,6221.797,29549.8,2926.17,183.9046,9949.9211097436
2019-04-26,3086.3979999999997,3889.2740000000003,5408.03,6102.363,29605.01,2939.88,184.0386,9911.769573288202
2019-04-28,3086.3979999999997,3889.2740000000003,5408.03,6102.363,29605.01,2939.88,184.0954,9912.376096444572
2019-04-29,3062.498,3900.333,5265.601,6013.233,29892.81,2943.03,184.0257,9885.534361233804
2019-04-30,3078.3379999999997,3913.211,5307.56,6044.436,29699.11,2945.83,184.2085,9905.59853943194
2019-05-01,3078.3379999999997,3913.211,5307.56,6044.436,29699.11,2923.73,184.2085,9905.545560547573
2019-05-02,3078.3379999999997,3913.211,5307.56,6044.436,29944.18,2917.52,184.2085,9905.545692084797
2019-05-03,3078.3379999999997,3913.211,5307.56,6044.436,30081.55,2945.64,184.2085,9905.54594664241
2019-05-05,3078.3379999999997,3913.211,5307.56,6044.436,30081.55,2945.64,184.3328,9907.774046617427
2019-05-06,2906.4640000000004,3684.616,4908.798,5605.276999999999,29209.82,2932.47,184.6677,9729.36727692094
2019-05-07,2926.39,3720.6679999999997,4973.404,5689.1140000000005,29363.02,2884.05,184.6531,9749.447492615034
2019-05-08,2893.756,3667.4570000000003,4947.741,5633.406999999999,29003.2,2879.42,184.8007,9715.690110111782
2019-05-09,2850.953,3599.7,4888.412,5540.276999999999,28311.07,2870.72,185.0784,9672.275458243193
2019-05-10,2939.21,3730.4509999999996,5064.323,5742.935,28550.24,2881.4,185.0934,9771.831913152968
2019-05-13,2903.7129999999997,3668.725,5005.904,5618.826999999999,28550.24,2811.87,185.3921,9737.24962948334
2019-05-14,2883.61,3645.15,4965.612,5570.415,28122.02,2834.41,185.3022,9712.78155617166
2019-05-15,2938.678,3727.092,5076.555,5700.069,28268.71,2850.96,185.3498,9775.221221121115
2019-05-16,2955.711,3743.9629999999997,5108.358,5713.281999999999,28275.07,2876.32,185.4523,9795.604958885993
2019-05-17,2882.296,3648.76,4942.579000000001,5546.3330000000005,27946.46,2859.53,185.4246,9713.937649946158
2019-05-20,2870.6040000000003,3617.792,4923.558,5473.168000000001,27787.61,2840.23,185.4653,9700.698086010658
2019-05-21,2905.968,3666.776,5009.872,5597.911999999999,27657.24,2864.36,185.3376,9738.171079367483
2019-05-22,2891.704,3649.3790000000004,4976.392,5559.09,27705.94,2856.27,185.2182,9719.92341271639
2019-05-23,2852.515,3583.9640000000004,4872.92,5395.826,27267.13,2822.24,185.3394,9677.984151407238
2019-05-24,2852.994,3593.913,4841.7570000000005,5357.335999999999,27353.93,2826.06,185.3913,9678.974323000733
2019-05-27,2892.3779999999997,3637.197,4962.947,5494.6140000000005,27288.09,2826.06,185.1206,9718.801718566248
2019-05-28,2909.91,3672.26,4955.485,5529.945,27390.81,2802.39,185.3079,9741.443011232222
2019-05-29,2914.696,3663.909,4956.863,5508.665,27235.71,2802.39,185.562,9751.169326202466
2019-05-30,2905.805,3641.183,4926.403,5479.876,27114.88,2788.86,185.6048,9742.00380038847
2019-05-31,2898.696,3629.789,4912.0,5474.764,26901.09,2752.06,185.6323,9734.436410806224
2019-06-03,2890.08,3632.012,4853.815,5445.438,26893.86,2744.45,185.8683,9728.834118523986
2019-06-04,2862.28,3598.466,4795.412,5382.645,26761.52,2803.27,186.1269,9702.03434624013
2019-06-05,2861.4179999999997,3597.105,4783.8240000000005,5371.638000000001,26895.44,2826.15,186.2097,9702.161421749333
2019-06-06,2827.797,3564.677,4678.784000000001,5262.866,26965.28,2843.49,186.2705,9665.200392768642
2019-06-07,2827.797,3564.677,4678.784000000001,5262.866,26965.28,2873.34,186.2705,9664.811112408486
2019-06-10,2852.13,3610.743,4725.264,5367.922,27578.64,2886.73,186.2622,9692.390353994737
2019-06-11,2925.716,3719.275,4901.472,5558.264,27789.34,2885.72,186.0127,9771.276600983823
2019-06-12,2909.3790000000004,3691.095,4863.492,5513.18,27308.46,2879.84,186.0428,9753.15203006678
2019-06-13,2910.74,3685.393,4877.65,5507.175,27294.71,2891.64,186.1464,9756.296980927367
2019-06-14,2881.974,3654.8790000000004,4795.526,5416.594,27118.35,2886.98,186.3821,9728.274497193594
2019-06-17,2887.6220000000003,3654.824,4802.818,5393.206999999999,27227.16,2889.67,186.5258,9736.78410100759
2019-06-18,2890.158,3667.618,4797.146,5413.437,27498.77,2917.75,186.5484,9740.021087490451
2019-06-19,2917.802,3715.938,4858.916,5514.639,28202.14,2926.46,186.5177,9770.530507658808
2019-06-20,2987.118,3828.518,4954.733,5632.946999999999,28550.43,2954.18,186.6357,9849.798088281948
2019-06-21,3001.98,3833.938,5021.305,5688.935,28473.71,2950.46,186.665,9866.278879793732
2019-06-24,3008.147,3841.265,5024.204000000001,5685.173000000001,28513.0,2945.35,186.6183,9872.13432026851
2019-06-25,2982.073,3801.309,4974.988,5608.391,28185.98,2917.38,186.6842,9844.730849366817
2019-06-26,2976.283,3794.3309999999997,4962.593,5638.727,28221.98,2913.78,186.6711,9837.835322391718
2019-06-27,2996.792,3834.817,5007.483,5715.505999999999,28621.42,2924.92,186.6569,9860.119852203354
2019-06-28,2978.8779999999997,3825.587,4950.479,5678.745,28542.62,2941.76,186.8147,9843.134771157294
2019-07-01,3044.902,3935.8109999999997,5100.2609999999995,5908.049,28542.62,2964.33,186.9244,9917.569468780232
2019-07-02,3043.942,3937.1690000000003,5084.41,5912.973000000001,28875.56,2973.01,187.4003,9924.596279492771
2019-07-03,3015.263,3893.534,5040.722,5829.4490000000005,28855.14,2995.82,187.5996,9896.89268933091
2019-07-04,3005.248,3873.1009999999997,5025.02,5770.554,28795.77,2995.82,187.6695,9886.831829621267
2019-07-05,3011.058,3893.202,5042.659000000001,5799.304,28774.83,2990.41,187.5885,9891.663433971258
2019-07-08,2933.363,3802.789,4870.78,5653.321999999999,28331.69,2975.95,187.5327,9805.55744651557
2019-07-09,2928.2290000000003,3793.1290000000004,4881.623,5652.852,28116.28,2979.63,187.5773,9799.760531305174
2019-07-10,2915.302,3786.739,4843.8640000000005,5623.36,28204.69,2993.07,187.5661,9785.083316331016
2019-07-11,2917.76,3785.2209999999995,4844.5470000000005,5599.276999999999,28431.8,2999.91,187.6491,9789.131999399566
2019-07-12,2930.546,3808.7309999999998,4861.567,5625.7919999999995,28471.62,3013.77,187.7369,9804.957887218043
2019-07-15,2942.185,3824.187,4925.3240000000005,5687.529,28554.88,3014.3,187.6926,9817.110605252605
2019-07-16,2937.616,3806.844,4932.045,5671.34,28619.62,3004.04,187.7012,9812.105216234693
2019-07-17,2931.692,3804.638,4929.085,5700.581,28593.17,2984.42,187.6875,9805.218946939018
2019-07-18,2901.176,3768.401,4844.108,5584.233,28461.66,2995.11,187.7804,9772.74988923829
2019-07-19,2924.2,3807.955,4878.69,5625.468000000001,28765.4,2976.61,187.7734,9798.128906603799
2019-07-22,2886.974,3781.683,4776.5740000000005,5589.924,28371.26,2985.03,187.9177,9758.92981895258
2019-07-23,2899.9440000000004,3789.913,4823.918,5637.553000000001,28466.48,3005.47,187.9876,9774.320843256164
2019-07-24,2923.277,3819.8320000000003,4873.027,5706.8859999999995,28524.04,3019.56,187.9271,9799.425326228898
2019-07-25,2937.36,3851.066,4891.643,5777.491,28594.3,3003.67,187.9805,9815.946419049698
2019-07-26,2944.5409999999997,3858.5679999999998,4898.109,5795.016,28397.74,3025.86,187.9761,9823.798603226678
2019-07-29,2941.007,3854.27,4897.018,5801.964,28106.41,3020.97,187.946,9819.303166531678
2019-07-30,2952.3379999999997,3870.317,4922.917,5818.441999999999,28146.5,3013.18,187.9645,9832.199070128954
2019-07-31,2932.505,3835.3579999999997,4903.2029999999995,5794.710999999999,27777.75,2980.38,188.1485,9813.329970748524
2019-08-01,2908.7659999999996,3803.469,4870.469,5767.17,27565.7,2953.56,188.2253,9787.94695595638
2019-08-02,2867.837,3747.437,4809.919,5669.615,26918.58,2932.05,188.6551,9749.214855864255
2019-08-05,2821.495,3675.688,4751.984,5556.526,26151.32,2844.74,189.0458,9702.932683503539
2019-08-06,2777.555,3636.328,4650.562,5490.616999999999,25976.24,2881.77,189.0208,9651.574709702565
2019-08-07,2768.679,3621.4309999999996,4626.3640000000005,5463.374,25997.03,2883.98,189.1494,9642.97630203616
2019-08-08,2794.552,3669.2929999999997,4656.1,5521.223000000001,26120.77,2938.09,189.1893,9673.576494231107
2019-08-09,2774.7529999999997,3633.5290000000005,4600.352,5455.935,25939.3,2918.65,189.3889,
